FLPSSSHALFLALMLFFVTNISAQPLQLSGTNFSCPADSPPSCETYV,TYFARSPNFLSLTNISDIFDMSPLSIAKASNIDDEDKKLVEGQVLLV,PVTCSCTKNRYFANF,TYTIKLGDNYFIVSTTSYQNLTNYVEFENFNPNLSPNLLPPEIKIVV,PLFCKCPSKNQLNKGIKYLI,TYVWQSNDNVTLVSSKFGASQVDMFTENNQNFTASTNVPILI,PVTKLPVIDQPSSSGRKNSTQKPAFIIGISLGSAVFIVVLTLSLVYVYCLKIKRLNR
VIC_2,MAIFFLLSSSHALLLALILFFVTNISAQPLQLSGTNFSCPVDSPPSCETYV,TYFARSPNFLSLTNISDIFDMSPLSIAKASNIDDEDKKLVEGQVLLV,PVTCGCTKNRYFANF,TYTIKLGDNYFIVSTTSYRNLTNYVEFENFNPNLSPNLLPPEIKIVV,PLFCKCPSKNQLNKGIKYLI,TYVWQSNDNVTLVSSKFGASQVDMFTENNQNFTASTNVPILI,PVTKLPVIDQPSSSGRKNSTQKPAFIIGISLGSAVFIVVLTLSLVYVYCLKIKRLNR
VIC_3,MAI-FLPSSSHALFLALMLFFVTNISAQPLQLSGTNFSCPADSPPSCETYV,TYFARSPNFLSLTNISDIFDMSPLSIAKASNIDDEDKKLVEGQVLLV,PVTCGCTKNRYFANF,TYTIKLGDNYFIVSTTSYQNLTNYVEFENFNPNLSPNLLPPEIKIVV,PLFCKCPSKNQLNKGINYLI,TYVWQSNDNVTLVSSKFGASQVDMFTENNQNFTASTNVPILI,PVTKLPVIDQPSSSGRKNSTQKPAFIIGISLGSAVFIVVLTLSLVYVYCLKIKRLNR
VIC_4,MAI-FLPSSSHALFLALMLFFVTNISAQPLQLSGTNFSCPADSPPSCETYV,TYFARSPNFLSLTNISDIFDMSPLSIAKASNIDDEDKKLVEGQVLLV,PVTCGCTKNRYFANF,TYTIKLGDNYFIVSTTSYQNLTNYVEFENFNPNLSPNLLPPEIKIVV,PLFCKCPSKNQLNKGIKYLI,TYVWQSNDNVTLVSSKFGASQVDMFTENNQNFTASANVPILI,PVTKLPVIDQPSSSGRKNSTQKPAFIIGISLGSAVFIVVLTLSLVYVYCLKIKRLNR
VIC_5,MAIFFLLSSSHALLLALILFFVTNISAQPLQLSGTNFSCPVDSPPSCETYV,TYFARSPNFLSLTNISDIFDMSPLSIAKASNIDDEDKKLVEGQVLLV,PVTCGCTKNRYFANF,TYTIKLGDNYFIVSTTSYQNLTNYVQFENFNPNLSPNLLPPEIKIVV,PLFCECPSKNQLNKGIKYLI,TYVWQSNDNVTLVSSKFGASQVDMFTENNQNFTASTKVPILI,PVTKLPVIDQPSSSGRKNSTQKPAFIIAISLGSAVFIVVLTLSLVYVYCLKIKRLNR
VIC_6,MAIFFLPSSSHAFFLALM-FFVTNISAQPLQLSGTNFSCPVDSPPSCETYV,TYFARSPNFLSLTNISDIFDMSPLSIAKASNIEDEDKKLVEGQVLLV,PVTCGCTRNRYFANF,TYTIKLGDNYFIVSTTSYQNLTNYVEFENFNPNLSPSLLPPEIKIVV,PLFCKCPSKNQLNKGIKYLI,TYVWQSNDNVTLVSSKFGALQVDMFTENNQNFTASTNVPILI,PVTKLPVIDQPSSSGRKNSTQKPAFIIGISLGSAVFIVVLTLSLVYVYCLKIKRLNR
VIC_7,MAIFFLLSSSHALLLALILFFVTNISAQPLQLSGTNFSCPVDSPPSCETYV,TYFARSPNFLSLTNISDIFDMSPLSIAKASNIDDEDKKLVEGQVLLV,PVTCGCTKNRYFANF,TYTIKLGDNYFIVSTTSYQNLTNYVEFENFNPNLSPNLLPPEIKIVV,PLFCKCPSKNQLNKGIKYLI,TYVWQSNDNVTLVSSKFGASQVDMFTENNQNFTASTKVPILI,PVTKLPVIDQPSSSGRKNSTQKPAFIIAISLGSAVFIVVLTLSLVYVYCLKIKRLNR
VIC_8,MAIFFLLSSSHALLLALILFFVTNISAQPLQLSGTNFSCPVDSPPSCETYV,TYFARSPNFLSLTNISDIFDMSPLSIAKASNIDDEDKKLVEGQVLLV,PVTCGCTKNRYFANF,TYTIKLGDNYFIVSTTSYQNLTNYVEFENFNPNLSPNLLPPEIKIVV,PLFCKCPSKNQLNKGIKYLI,TYVWQSNDNVTLVSSKFGASQVDMFTENNQNFTASTKVPILI,PVTKLPVIDQPSSSGRKNSTQKPAFIIAISLGSAVFIVVLTLSLVYVYCLKIKRLNR
VIC_9,MAIFFLLSSSHALLLALILFFVTNISAQPLQLSGTNFSCPVDSPPSCETYV,TYFARSPNFLSLTNISDIFDMSPLSIAKASNIDDEDKKLVEGQVLLV,PVTCGCTKNRYFANF,TYTIKLGDNYFIVSTTSYQNLTNYVEFENFNPNLSPNLLPPEIKIVV,PLFCKCPSKNQLNKGIKYLI,TYVWQSNDNVTLASSKFGASQVDMFTENNQNFTASTNVPILI,PVTKLPVIDQPSSSGRKNSTQKPAFIIAISLGSAVFIVVLTLSLVYVYCLKIKRLNR
VIC_10,MAIFFLLSSSHALLLALILFFVTNISAQPLQLSGTNFSCPVDSPPSCETYV,TYFARSPNFLSLTNISDIFDMGPLSIAKASNIDDEDKKLVEGQVLLV,PVTCGCTKNRYFANF,TYTIKLGDNYFIVSTTSYQSLTNYVEFENFNPNPSPNLLPPEIKIVV,PLFCKCPSKNQLNKGIKYLI,TYEWQSNDNVTLVSSKFGASQVDMFTENNQNFTASTNVPILI,PVTKLPVIDQPSSSGRKNSTQKPAFIIGISLGSAVFIVVLTLSLVYVYCLKIKRLNR
VIC_11,MAIFFLLSSSHALLLALILFFVTNISAQPLQLSGTNFSCPVGSPPSCETYV,TYFARSPNFLSLTNISDIFDMSPLSIAKASNIDDEDKKLVEGQVLLV,PVTCGCTKNRYFANF,TYTIKLGDNYFIVSTTSYQNLTNYVEFENFNPNLSPNLLPPEIKIVV,PLFCKCPSKNQLNKGIKYLI,TYVWQSNDNVTLVSSKFGASQVDMFTENNQNFTASTNVPILI,PVTKLPVIDQPSSSGRKNSTQKPAFIIGISLGSAVFIVVLTLSLVYVYCLKIKRLNR
VIC_12,MAIFFLPSSSHALFLALM-FFVTNISAQPLQLSGTNFSCPVDSPPSCETYV,TYFARSPNFLSLTNISDIFDMSPLSIAKASNIEDEDKKLVEGQVLLV,PVTCGCTRNRYFANF,TYTIKLGDNYFIVSTTSYQNLTNYVEFENFNPNLSPNLLPPEIKIVV,PLFCKCPSKNQLNKGIKYLI,TYVWQSNDNVTLVSSKFGALQVDMFTENNQNFTASTNVPILI,PVTKLPVIDQLSSSGRKNSTQKPAFIIGISLGSAFIIVVLTLSLVYVYCLKMKRLNR
VIC_13,MAIFFLLSSSHALLLALILFFVTNISAQPLQLSGTNFSCPVDSPPSCETYV,TYFARSPNFLSLTNISDIFDMSPLSIAKASNIDDEDKKLVEGQVLLV,PVTCGCTKNRYFANF,TYTIKLGDNYFIVSTTSYQNLTNYVEFENFNPNLSPNLLPPEIKIVV,PLFCKCPSKNQLNKGIKYLI,TYVWQSNDNVTLVSSKFGASQVDMFTENNQNFTASTNVPILI,PVTKLPVIDQPSSSGRKNSTQKPAFIIAISLGSAVFIVVLTLSLVYVYCLKIKRLNR
VIC_14,MAIFFLLSSSHALLLALILFFVTNISAQPLQLSGTNFSCPVDSPPSCETYV,TYFARSPNFLSLTNISDIFDMSPLSIAKASNIDDEDKKLVEGQVLLV,PVTCGCTKNRYFANF,TYTIKLGDNYFIVSTTSYQNLTNYVEFENFNPNLSPNLLPPEIKIVV,PLFCKCPSKNQLNKGIKYLI,TYVWQSNDNVTLVSSKFGASQVDMFTENNQNFTASTNVPILI,PVTKLPVIDQPSSSGRKNSTQKPAFIIAISLGSAVFIVVLTLSLVYVYCLKIKRLNR
VIC_15,MAI-FLPSSSHAFFLALMLFFVTNISAQPLQLSGTNFSCPADSPPSCETYV,TYFARSPNFLSLTNISDIFDMSPLSIAKASNIDDEDKKLVEGQVLLV,PVTCGCTKNRYFANF,TYTIKLGDNYFIVSTTSYQNLTNYVEFENFNPNLSPNLLPPEIKIVV,PLFCKCPSKNQLNKGIKYLI,TYVWQSNDNVTLVSSKFGASQVDMFTENNQNFTASTNVPILI,PVTKLPVIDQPSSSGRKNSTQKPAFIIGISLGSAVFIVVLTLSLVYVYCLKIKRLNR
VIC_16,MAIFFLLSSSHALLLALILFFVTNISAQPLQLSGTNFSCPVDSPPSCETYV,TYFARSPNFLSLTNISDIFDMSPLSIAKASNIDDEDKKLVEGQVLLV,PVTCGCTKNRYFANF,TYTIKLGDNYFIVSTTSYQNLTNYVEFENFNPNLSPNLLPPEIKIVV,PLFCKCPSKNQLNKGIKYLI,TYVWQSNDNVTLVSSKFGASQVDMFTENNQNFTASTNVPILI,PVTKLPVIDQPSSSGRKNSTQKPAFIIAISLGSAVFIVVLTLSLVYVYCLKIKRLNR
VIC_17,MAI-FLPSSSHALFLALMLFFVTNISAQPLQLSGTNFSCPADSPPSCETYV,TYFARSPNFLSLTNISDIFDMSPLSIAKASNIDDEDKKLVEGQVLLV,PVTCGCTKNRYFANF,TYTIKLGDNYFIVSTTSYQNLTNYVEFENFNPNLSPNLLPPEIKIVV,PLFCKCPSKNQLNKGIKYLI,TYVWQSNDNVTLVSSKFGASQVDMFTENNQNFTASTNVPILI,PVTKLPVIDQPSSSGRKNSTQKPAFIIAISLGSAVFIVVLTLSLVYVYCLKIKRLNR
VIC_18,MAIFFLLSSSHALLLALILFFVTNISAQPLQLSGTNFSCPVDSPPSCETYV,TYFARSPNFLSLTNISDIFDMSPLSIAKASNIDDEDKKLVEGQVLLV,PVTCGCTKNRYFANF,TYTIKLGDNYFIVSTTSYQNLTNYVEFENFNPNLSPNLLPPEIKIVV,PLFCKCPSKNQLNKGIKYLI,TYVWQSNDNVTLVSSKFGASQVDMFTENNQNFTASTNVPILI,PVTKLPVIDQPSSSGRKNSTQKPAFIIGISLGSAVFIVVLTLSLVYVYCLKIKRLNR
VIC_19,MAI-FLPSSSHALFLALMLFFVTNISAQPLQLSGTNFSCPADSPPSCETYV,TYFARSPNFLSLTNVSDIFDMSPLSIAKASNIDDEDKKLVEGQVLLV,PVTCGCTKNRYFANF,TYTIKLGDNYFIVSTTSYQNLTNYVEFENFNPNLSPNLLPPEIKIVV,PLFCKCPSKNQLNKGIKYLI,TYVWQSNDNVTLVSSKFGASQVDMLTENNQNFTASTNVPILI,PVTKLPVIDQPSSSGRKNSTQKPAFIIGISLGSAVFIVVLTLSLVYVYCLKIKRLNR
VIC_20,MAIFFLLSSSHALLLALILFFVTNISAQPLQLSGTNFSCPVDSPPSCETYV,TYFARSPNFLSLTNISDIFDMSPLSIAKASNIDDEDKKLVEGQVLLV,PVTCGCTKNRYFANF,TYTIKLGDNYFIVSTTSYQNLTNYVEFENFNPNLSPNLLPPEIKIVV,PLFCKCPSKNQLNKGIKYLI,TYVWQSNDNVTLVSSKFGASQVDMFTENNQNFTASTKVPILI,PVTKLPVIDQPSSSGRKNSTQKPAFIIAISLGSAVFIVVLTLSLVYVYCLKIKRLNR
VIC_21,MAIFFLLSSSHALLLALILFFVTNISAQPLQLSGTNFSCPVDSPPSCETYV,TYFAQSPNFLSLTNISDIFDMSPLSIAKASNIDDEDKKLVEGQVLLV,PVTCGCTKNRYFANF,TYTIKLGDNYFIVSTTSYQNLTNYVEFENFNPNLSPNLLPPEIKIVV,PLFCKCPSKNQLNKGIKYLI,TYVWQSNDNVTLVSSKFGASQVDMFTENNQNFTASTNVPILI,PVTKLPVIDQPSSSGRKNSTQKPAFIIAISLGSAVFIVVLTLSLVYVYCLKIKRLNR
VIC_22,MAIFFLLSSSHALLLALILFFVTNISAQPLQLSGTNFSCPVDSPPSCETYV,TYFARSPNFLSLTNISDIFDMSPLSIAKASNIDDEDKKLVEGQVLLV,PVTCGCTKNRYFANF,TYTIKLGDNYFIVSTTSYQNLTNYVEFENFNPNLSPNLLPPEIKIVV,PLFCKCPSKNQLNKGIKYLI,TYVWQSNDNVTLVSSKFGASQVDMFTENNQNFTASTNVPILI,PVTKLPVIDQPSSSGRKNSTQKPAFIIGISLGSAVFIVVLTLSLVYVYCLKIKRLNR
VIC_23,MAI-FLPSSSHALFLALMLFFVTNISAQPLQLSGTNFSCPADSPPSCETYV,TYFARSPNFLSLTNISDIFDMSPLSIAKASNIDDEDKKLVEGQVLLV,PVTCGCTKNRYFANF,TYTIKLGDNYFIVSTTSYQNLTNYVEFENFNPNLSPNLLPPEIKIVV,PLFCKCPSKNQLNKGIKYLI,TYVWQSNDNVTLVSSKFGASQVDMFTENNQNFTASTNVPILI,PVTKLPVIDQPSSSGRKNSTQKPAFIIGISLGSAVFIVVLTLSLVYVYCLKIKRLNR
VIC_24,MAIFFLLSSSHALLLALILFFVTNISAQPLQLSGTNFSCPVDSPPSCETYV,TYFARSPNFLSLTSISDIFDMSPLSIAKASNIDDENKKLVEGQVLLV,PVTCGCTKNRYFANF,TYTIKLGDNYFIVSTTSYQNLTNYVEFENFNPNLSPNLLPPEIKIVV,PLFCKCPSKNQLNKGIKYLI,TYVWQSNDNVTLVSSKFGASQVDMFTENNQNFTASTNVPILI,PVTKLPVIDQPSSSGRKNSTQKPAFIIAISLGSAVFIVVLTLSLVYVYCLKIKRLNR
VIC_25,MAIFFLPSSSHALFLALM-FFVTNISAQPLQLSGTNFSCPVDSPPSCETYV,TYFARSPNFLSLTNISDIFDMSPLSIAKASNIEDEDKKLVEGQVLLV,PVTCGCTRNRYFANF,TYTIKLGDNYFIVSTTSYQNLINYVEFENFNPNLSPNLLPPEIKIVV,PLFCKCPSKNQLNKGIKYLI,TYVWQSNDNVTLVSSKFGASQVDMFTENNQNFTASTNVPILI,PVTKLPVIDQPSSSGRKNSTQKPAFIIGISLGSAVFIVVLTLSLVYVYCLKIKRLNR
VIC_26,MAIFFLLSSSHALLLALILFFVTNISAQPLQLSGTNFSCPVDSPPSCGTYV,TYFARSPNFLSLTNISDIFDMSPLSIAKASNIDDEDKKLVEGQVLLV,PVTCGCTKNRYFANF,TYTIKLGDNYFIVSTTSYQNLTNYVEFENFNPNLSPNLLPPEIKIVV,PLFCKCPSKNQLNKGIKYLI,TYVWQSNDNVTLVSSKFGASQVDMFTENNQNFTASTNVPILI,PVTKLPVIDQPSSSGRKNSTQKPAFIIAISLGSAVFIVVLTLSLVYVYCLKIKRLNR
VIC_27,MAIFFLLSSSHALLLALILFFVTNISAQPLQLSGTNFSCPVDSPPSCETYV,TYFARSPNFLSLTNISDIFDMSPLSIAKASNIDDEDKKLVEGQVLLV,PVTCGCTKNRYFANF,TYTIKLGDNYFIVSTTSYQNLTNYVEFENFNPNLSPNLLPPEIKIVV,PLFCKCPSKNQLNKGIKYLI,TYVWQSNDNVTLVSSKFGASQVDMFTENNQNFTASTNVPILI,PVTKLPVIDQPSSSGRKNSTQKPAFIIAISLGSAVFIVVLTLSLVYVYCLKIKRLNR
VIC_28,MAIFFLLSSSHALLLALILFFVTNISAQPLQLSGTNFSCPVDSPPSCETYV,TYFARSPNFLSLTNISDIFDMGPLSIAKASNIDDEDKKLVEGQVLLV,PVTCGCTKNRYFANF,AYTIKLGDNYFIVSTTSYQNLTNYVEFENFNPNLSPNLLPPEIKIVV,PLFCKCPSKNQLNKGIKYLI,TYVWQSNDNVTLVSSKFGASQVDMFTENNQNFTASTNVPILI,PVTKLPVIDQPSSSGRKNSTQKPAFIIAISLGSAVFIVVLTLSLVYVYCLKIKRLNR
VIC_29,MAIFFLLSSSHALLLALILFFVTNISAQPLQLSGTNFSCPVDSPPSCETYV,TYFARSPNFLSLTNISDIFDMSPLSIAKASNIDDEDKKLVEGQVLLV,PVTCGCTKNRYFANF,TYTIKLGDNYFIVSTTSYQNLTNYVEFENFNPNLSPNLLPPEIKIVV,PLFCKCPSKNQLNKGIKYLI,TYVWQSNDNVTLVSSKFGASQVDMFTENNQNFTASTNVPILI,PVTKLPVIDQPSSSGRKNSTQKPAFIIGISLGSAVFIVVLTLSLVYVYCLKIKRLNR
VIC_30,MAIFFLLSNSHALLLALILFFVTNISAQPLQLSGTNFSCPVDSPPSCETYV,TYFARSPNFLSLTNISDIFDMSPLSIAKASNIDDEDKKLVEGQVLLV,PVTCGCTKNRYFANF,TYTIKLGDNYFIVSTTSYQNLTNYVEFENFNPNLSPNLLPPEIKIVV,PLFCKCPSKNQLNKGIKYLI,TYVWQSNDNVTLVSSKFGASQVDMFTENNQNFTASTNVPILI,PVTKLPVIDQPSSSGRKNSTQKPAFIIAISLGSAVFIVVLTLSLVYVYCLKIKRLNR
VIC_31,MAIFFLLSSSHALLLALILFFVTNISAQPLQLSGTNFSCPVDSPPSCETYV,TYFARSPNFLSLTSISDIFDMSPLSIAKASNIDDEDKKLVEGQVLLV,PVTCGCTKNRYFANF,TYTIKLGDNYFIVSTTSYQNLTNYVEFENFNPNLSPNLLPPEIKIVV,PLFCKCPSKNQLNKGIKYLI,TYVWQSNDNVTLVSSKFGASQVDMFTENNQNFTASTNVPILI,PVTKLPVIDQPSSSGRKNSTQKPAFIIGISLGSAVFIVVLTLSLVYVYCLKIKRLNR
VIC_32,MAI-FLPSSSHALFLALMLFFVTNISAQPLQLSGTNFSCPADSPPSCETYV,TYFARSPNFLSLTNISDIFDMSPLSIAKASNIDDEDKKLVEGQVLLV,PVTCGCTKNRYFANF,TYTIKLGDNYFIVSTTSYQNLTNYVEFENFNPNLSPNLLPPEIKIVV,PLFCKCPSKNQLNKGIKYLI,TYVWQSNDNVTLVSSKFGASQVDMFTENNQNFTASTNIPILI,PVTKLPVIDQPSSSGRKNSTQKPAFIIGISLGSAVFIVVLTLSLVYVYCLKIKRLNR
VIC_33,MAIFFLPSSSHALFLALILFFVTNISAQPLQLSGTNFSCPVDSPPSCETYV,TYFARSPNFLSLTNISDIFDMSPLSIAKASNIEDEDKKLVEGQVLLV,PVTCGCTRNRYFANF,TYTIKLGDNYFIVSTTSYQNLTNYVEFENFNPNLSPNLLPPEIKIVV,PLFCKCPSKNQLNKGIKYLI,TYVWQSNDNVTLVSSKFGALQVDMFTENNQNFTASTNVPILI,PVTKLPVIDQLSSSGRKNSTQKPAFIIGISLGSAFIIVVLTLSLVYVYCLKMKRLNR
VIC_34,MAIFFLLSSSHALLLALILFFVTNISAQPLQLSGTNFSCPVDSPPSCETYV,TYFARSPNFLSLTNISDIFDMSPLSIAKASNIDDEDKKLVEGQVLLV,PVTCGCTKNRYFANF,TYTIKLGDNYFIVSTTSYQNLTNYVEFENFNPNLSPNLLPPEIKIVV,PLFCKCPSKNQLNKGIKYLI,TYVWQSNDNVTLVSSKFGASQVDMFTENNQNFTASTNVPILI,PVTKLPVIDQPSSSGRKNSTQKPAFIIAISLGSAVFIVVLTLSLVYVYCLKIKRLNR
VIC_35,MAIFFLPSSSHALFLALM-FFVTNISAQPLQLSGTNFSCPVDSPPSCETYV,TYFARSPNFLSLTNISDIFDMSPLSIAKASNIEDEDKKLVEGQVLLV,PVTCGCTRNRYFANF,TYTIKLGDNYFIVSTTSYQNLTNYVEFENFNPNLSPNLLPPEIKIVV,PLFCKCPSKNQLNKGIKYLI,TYVWQSNDNVTLVSSKFGALQVDMFTENNQNFTASTNVPILI,PVTKLPVIDQLSPSGRKNSTQKPAFIIGISLGSAVFIVVLTLSLVYVYCLKIKRLNR
VIC_36,MAI-FLPSSSHALFLALMLFFVTNISAQPLQLSGTNFSCPADSPPSCETYV,TYFARSPNFLSLTNISDIFDMSPLSIAKASNIDDEDKKLVEGQVLLV,PVTCGCTKNRYFANF,TYTIKLGDNYFIVSTTSYQNLTNYVEFENFNPNLSPNLLPPEIKIVV,PLFCKCPSKNQLNKGIKYLI,TYVWQSNDNVTLVSSKFGASQVDMFTENNQNFTASTNVPILI,PVTKLPVIDQPSSSGRKNSTQKPAFIIGISLGSAVFIVVLTLSLVYVYCLKIKRLNR
VIC_37,MAI-FLPSSSHALFLALMLFFVTNISAQPLQLSGTNFSCPADSPPSCETYV,TYFARSPNFLSLTNISDIFDMSPLSIAKASNIDDEDKKLVEGQVLLV,PVTCGCTKNRYFANF,TYTIKLGDNYFIVSTTSYQNLTNYVEFENFNPNLSPNLLPPEIKIVV,PLFCKCPSKNQLNKGIKYLI,TYVWQSNDNVTLVSSKFGASQVDMFTENNQNFTASTNVPILI,PVTKLPVIDQPSSSGRKNSTQKPAFIIGISLGSAVFIVVLTLSLVYVYCLKIKRLNR
VIC_38,MAIFFLLSSSHALLLALILFFVTNISAQPLQLSGTNFSCPVDSPPSCETYV,TYFARSPNFLSLTNISDIFDMSPLSIAKASNIDDEDKKLVEGQVLLV,PVTCGCTKNRYFANF,TYTIKLGDNYFIVSTTSYQNLTNYVEFENFNPNLSPNLLPPEIKIVV,PLFCKCPSKNQLNKGIKYLI,TYVWQSNDNVTLVSSKFGALQVDMFTENNQNFTASTNVPILI,PVTKLPVIDQLSSSGRKNSTQKPAFIIGISLGSAFIIVVLTLSLVYVYCLKMKRLNR
VIC_39,MAIFFLLSSSHALLLALILFFVTNISAQPLQLSGTNFSCPVDSPPSCETYV,TYFARSPNFLSLTNISDIFDMSPLSIAKASNIDDEDKKLVEGQVLLV,PVTCGCTKNRYFANF,TYTIKLGDNYFIVSTTSYQNLTNYVEFENFNPNLSPNLLPPEIKIVV,PLFCKCPSKNQLNKGIKYLI,TYVWQSNDNVTLVSSKFGASQVDMFTENNQNFTASTNVPILI,PVTKLPVIDQPSSSGRKNSTQKPAFIIAISLGSAVFIVVLTLSLVYVYCLKIKRLNR
VIC_40,MAI-FLPSSSHALFLALMLFFVTNISAQPLQLSGTNFSCPADSPPSCETYV,TYFARSPNFLSLTNISDIFDMSPLSIAKASNIDDEDKKLVEGQVLLV,PVTCGCTKNRYFANF,TYTIKLGDNYFIVSTTSYQNLTNYVEFENFNPNLSPNLLPPEIKIVV,PLFCKCPSKNQLNKGIKYLI,TYVWQSNDNVTLVSSKFGASQVDMFTENNQNFTASTNVPILI,PVTKLPVIDQPSSSGRKNSTQKPAFIIGISLGSAVFIVVLTLSLVYVYCLKIKRLNR
VIC_41,MAIFFLLSSSHALLLALILFFVTNISAQPLQLSGTNFSCPVDSPPSCETYV,TYFARSPNFLSLTNISDIFDMSPLSIAKASNIDDEDKKLVEGQVLLV,PVTCGCTKNRYFANF,TYTIKLGDNYFIVSTTSYQNLTNYVEFENFNPNLSPNLLPPEIKIVV,PLFCKCPSKNQLNKGIKYLI,TYVWQSNDNVTLVSSKFGASQVDMFTENNQNFTASTNVPILI,PVTKLPVIDQPSSSGRKNSTQKPAFIIGISLGSAVFIVVLTLSLVYVYCLKIKRLNR
VIC_42,MAIFFLPSSSHALFLALILFFVTNISAQPLQLSGTNFSCPVDSPPSCETYV,TYFARSPNFLSLTNISDIFDISPLSIAKASNIEDEDKKLVEGQVLLV,PVTCGCTRNRYFANF,TYTIKLGDNYFIVSTTSYQNLTNYVEFENFNPNLSPNLLPPEIKIVV,PLFCKCPSKNQLNKGIKYLI,TYVWQSNDNVTLVSSKFGASQVDMFTENSQNFTASTNVPILI,PVTKLPVIDQPSSSGRKKSTQKPAFIIGISLGSAVFIVVLTLSLVYVYCLKIKRLNR
VIC_43,MAIFFLLSSSHALLLALILFFVTNISAQPLQLSGTNFSCPVDSPPSCETYV,TYFARSPNFLSLTNISDIFDMSPLSIAKASNIDDEDKKLVEGQVLLV,PVTCGCTKNRYFANF,TYTIKLGDNYFIVSTTSYQNLTNYVEFENFNPNLSPNLLPPEIKIVV,PLFCKCPSKNQLNKGIKYLI,TYVWQSNDNVTLVSSKFGASQVDMFTENNQNFTASTKVPILI,PVTKLPVIDQPSSSGRKNSTQKPAFIIAISLGSAVFIVVLTLSLVYVYCLKIKRLNR
VIC_44,MAI-FLPSSSHALFLALMLFFVTNISAQPLQLSGTNFSCPADSPPSCETYV,TYFARSPNFLSLTNISDIFDMSPLSIAKASNIDDEDKKLVEGQVLLV,PVTCGCTKNRYFANF,TYTIKLGDNYFIVSTTSYQNLTNYVEFENFNPNLSPNLLPPEIKIVV,PLFCKCPSKNQLNKGIKYLI,TYAWQSNDNVTLVSSKFGASQVDMFTENNQNFTASTNVPILI,PVTKLPVIDQPSSSGRKNSTQKPAFIIGISLGSAVFIVVLTLSLVYVYCLKIKRLNR
VIC_45,MAIFFLPSSSHALFLALM-FFVTNISAQPLQLSGTNFSCPVDSPPSCETYV,TYFARSPNFLSLTNISDIFDMSPLSIAKASNIEDEDKKLVEGQVLLV,PVTCGCTRNRYFANF,TYTIKLGDNYFIVSTTSYQNLTNYVEFENFNPNLSPNLLPPEIKIVV,PLFCKCPSKNQLNKGIKYLI,TYVWQSNDNVTLVSSKFGALQVDMFTENNQNFTASTNVPILI,PVTKLPVIDQLSSSGRKNSTQKPAFIIGISLGSAFIIVVLTLSLVYVYCLKMKRLNR
VIC_46,MAIFFLLSSSHALLLALILFFVTNISAQPLQLSGTNFSCPADSPPSCETYV,TYFARSPNFLSLTNISDIFDMSPLSIAKASNIDDEDKKLVEGQVLLV,PVTCGCTKNRYFANF,TYTIKLGDNYFIVSTTSYQNLTNYVEFENFNPNLSPNLLPPEIKIVV,PLFCKCPSKNQLNKGIKYLI,TYVWQSNDNVTLVSSKFGASQVDMSTENNQNFTASTNVPILI,PVTKLPVIDQPSSSGRKNSTQKPAFIIGISLGSAVFIVVLTLSLVYVYCLKIKRLNR
VIC_47,MAI-FLPSSSHALFLALILFFVTNISAQPLQLSGTNFSCPVDSPPSCETYV,TYFARSPNFLSLTNISDIFDMSPLSIAKASNIDDEDKKLVEGQVLLV,PVTCGCTKNRYFANF,TYTIKLGDNYFIVSTTSYQNLTNYVEFENFNPNLSPNLLPPEIKIVV,PLFCKCPSKNQLNKGIKYLI,TYVWQSNDNVTLVSSKFGALQVDMFTENNQNFTTSTNVPILI,PVTKLPVIDQLSSSGRKNSTQKPAFIIGISLGSAFIIVVLTLSLVYVYCLKMKRLNR
VIC_48,MAI-FLPSSSHALFLALMLFFVTNISAQPLQLSGTNFSCPADSPPSCETYV,TYFARSPNFLSLTNISDIFDMSPLSIAKASNIDDEDKKLVEGQVLLV,PVTCGCTRNRYFANF,TYTIKLGDNYFIVSTTSYQNLTNYVEFENFNPNLSPNLLPPEIKIVV,PLFCKCPSKNQLNKGIKYLI,TYVWQSNDNVTLVSSKFGASQVDMFTENNQNFTASTKVPILI,PVTKLPVIDQPSSSGRKNSTQKPAFIIAISLGSAVFIVVLTLSLVYVYCLKIKRLNR
VIC_49,MAIFFLLSSSHALLLALILFFVTNISAQPLQLSGTNFSCPVDSPPSCETYV,TYFARSPNFLSLTNISDIFDMSPLSIAKASNIDGEDKKLVEGQVLLV,PVTCGCTKNRYFANF,TYTIKLGDNYFIVSTTSYQNLTNYVEFENFNPNLSPNLLPPEIKIVV,PLFCKCPSKNQLNKGIKYLI,TYVWQSNDNVTLVSSKFGASQVDMFTENNQNFTASTNVPILI,PVTKLPVIDQPSSSGRKNSTQKPAFIIGISLGSAVFIVVLTLSLVYVYCLKIKRLNR
VIC_50,MAIFFLLSSSHALLLALILFFVTNISAQPLQLSGTNFSCPVDSPPSCETYV,TYFARSPNFLSLTNISDIFDMSPLSIAKASNIDDEDKKLVEGQVLLV,PVTCGCTKNRYFANF,TYTIKLGDNYFIVSTTSYQNLTNYVEFENFNPNLSPNLLPPEIKIVV,PLFCKCPSKNQLNKGIKYLI,TYVWQSNDNVTLVSSKFGASQVDMFTENNQNFTASTNVPILI,PVTKLPVIDQPSSSGRKNSTQKPAFIIAISLGSAVFIVVLTLSLVYVYCLKIKRLNR
VIC_51,MAIFFLLSSSHALLLALILFFVTNISAQPLQLSGTNFSCPVDSPPSCETYV,TYFARSPNFLSLTNISDIFDMSPLSIAKASNIDDEDKKLVEGQVLLV,PVTCGCTKNRYFANF,TYTIKLGDNYFIVSTTSYQNLTNYVEFENFNPNLSPNLLPPEIKIVV,PLFCKCPSKNQLNKGIKYLI,TYVWQSNDNVTLVSSKFGASQVDMFTENNQNFTASTNVPILI,PVTKLPVIDQPSSSGRKNSTQKPAFIIAISLGSAVFIVVLTLSLVYVYCLKIKRLNR
VIC_52,MAIFFLLSSSHALLLALILFFVTNISAQPLQLSGTNFSCPVDSPPSCETYV,TYFARSPNFLSLTNISDIFDMSPLSIAKASNIDDEDKKLVEGQVLLV,PVTCGCTKNRYFANF,TYTIKLGDNYFIVSTTSYQNLTNYVEFENFNPNLSPNLLPPEIKIVV,PLFCKCPSKNQLNKGIKYLI,TYVWQSNDNVTLVSSKFGASQVDMFTENNQNFTASTKVPILI,PVTKLPVIDQPSSSGRKNSTQKPAFIIAISLGSAVFIVVLTLSLVYVYCLKIKRLNR
VIC_53,MAI-FLPSSSHALFLALMLFFVTNISAQPLQLSGTNFSCPADSPPSCETYV,TYFARSPNFLSLTNISDIFDMSPLSIAKASNIDDEDKKLVEGQVLLV,PVTCGCTKNRYFANF,TYTIKLGDNYFIVSTTSYQNLTNYVEFENFNPNLSPNLLPPEIKIVV,PLFCKCPSKNQLNKGIKYLI,TYVWQSNDNVTLVSSKFGASQVDMFTENNQNFTASTNVPILI,PVTKLPVIDQPSSSGRKNSTQKPAFIIGISLGSAVFIVVLTLSLVYVYCLKIKRLNR
VIC_54,MAIFFLLSSSHALLLALILFFVTNISAQPLQLSGTNFSCPVDSPPSCETYV,TYFARSPNFLSLTNISDIFDMSPLSIAKASNIDDEDKKLVEGQVLLV,PVTCGCTKNRYFANF,TYTIKLGDNYFIVSTTSYQNLTNYVEFENFNPNLSPNLLPPEIKIVV,PLFCKCPSKNQLNKGIKYLI,TYVWQSNDNVTLVSSKFGASQVDMFTENNQNFTASTNVPILI,PVTKLPVIDQPSSSGRKNSTQKPAFIIGISLGSAFIIVVLTLSLVYVYCLKMKRLNR
VIC_55,MAIFFLLSSSHALLLALILFFVTNISAQPLQLSGTNFSCPVDSPPSCETYV,TYFARSPNFLSLTNISDIFDMSPLSIAKASNIDDEDKKLVEGQVLLV,PVTCGCTKNRYFANF,TYTIKLGDNYFIVSTTSYQNLTNYVEFENFNPNLSPNLLPPEIKIVV,PLFCKCPSKNQLNKGIKYLI,TYVWQSNDNVTLVSSKFGASQVDMFTENNQNFTASTNVPILI,PVTKLPVIDQPSSSGRKNSTQKPAFIIAISLGSAVFIVVLTLSLVYVYCLKIKRLNR
VIC_56,MAIFFLPSSSHALFLALM-FFVTNISAQPLQLSGTNFSCPVDSPPSCETYV,TYFARSPNFLSLTNISDIFDMSPLSIAKASNIEDEDKKLVEGQVLLV,PVTCGCTRNRYFANF,TYTIKLGDNYFIVSTTSYQNLTNYVEFENFNPNLSPNLLPPEIKIVV,PLFCKCPSKNQLNKGIKYLI,TYVWQSNDNVTLVSSKFGALQVDMFTENNQNFTASTNVPILI,PVTKLPVIDQLSSSGRKNSTQKPAFIIGISLGSAFIIVVLTLSLVYVYCLKMKRLNR
VIC_57,MAIFFLLSSSHALLLALILFFVTNISAQPLQLSGTNFSCPVDSPPSCETYV,TYFARSPNFLSLTNISDIFDMSPLSIAKASNIDDEDKKLVEGQVLLV,PVTCGCTKNRYFANF,TYTIKLGDNYFIVSTTSYQNLTNYVEFENFNPNLSPNLLPPEIKIVV,PLFCKCPSKNQLNKGIKYLI,TYVWQSNDNVTLVSSKFGASQVDMFTENNQNFTASTNVPILI,PVTKLPVIDQPSSSGRKNSTQKPAFIIAISLGSAVFIVVLTLSLVYVYCLKIKRLNR
VIC_58,MAIFFLLSSSHALLLALILFFVTNISAQPLQLSGTNFSCPVDSPPSCETYV,TYFARSPNFLSLTNISDIFDMSPLSIAKASNIDDEDKKLVEGQVLLV,PVTCGCTKNRYFANF,TYTIKLGDNYFIVSTTSYQNLTNYVEFENFNPNLSPNLLPPEIKIVV,PLFCKCPSKNQLNKGIKYLI,TYVWQSNDNVTLVSSKFGASQVDMFTENNQNFTASTNVPILI,PVTKLPVIDQPSSSGRKNSTQKPAFIIGISLGSAVFIVVLTLSLVYVYCLKIKRLNR
VIC_59,MAIFFLLSSSHALLLALILFFVTNISAQPLQLSGTNFSCPVGSPPSCETYV,TYFARSPNFLSLTNISDIFDMSPLSIAKASNIDDEDKKLVEGQVLLV,PVTCGCTKNRYFANF,TYTIKLGDNYFIVSTTSYQNLTNYVEFENFNPNLSPNLLPPEIKIVV,PLFCKCPSKNQLNKGIKYLI,TYVWQSNDNVTLVSSKFGASQVDMFTENNQNFTASTNVPILI,PVTKLPVIDQPSSSGRKNSTQKPAFIIGISLGSAVFIVVLTLSLVYVYCLKIKRLNR
VIC_60,MAIFFLLSSSHALLLALILFFVTNISAQPLQLSGTNFSCPVDSPPSCETYV,TYFARSPNFLSLTNISDIFDMSPLSIAKASNIDDEDKKLVEGQVLLV,PVTCGCTKNRYFANF,TYTIKLGDNYFIVSTTSYQNLTNYVEFENFNPNLSPNLLPPEIKIVV,PLFCKCPSKNQLNKGIKYLI,TYVWQSNDSVTLVSSKFGASQVDMFTENNQNFTASTNVPILI,PVTKLPVIDQPSSSGRKNSTQKPAFIIGISLGSAVFIVVLTLSLVYVYCLKIKRLNR
VIC_61,MAIFFLLSSSHALLLALILFFVTNISAQPLQLSGTNFSCPVDSPPSCETYV,TYFARSPNFLSLTNISDIFDMSPLSIAKASNIDDEDKKLVEGQVLLV,PVTCGCTKNRYFANF,TYTIKLGDNYFIVSTTSYQNLTNYVEFENFNPNLSPNLLPPEIKIVV,PLFCKCPSKNQLNKGIKYLI,TYVWQSNDNVTLVSSKFGASQVDMFTENNQNFTASTNVPILI,PVTKLPVIDQPSSSGRKNSTQKPAFIIAISLGSAAFVVVLTLSLVYVYCLKIKRLNR
VIC_62,MAIFFLLSSSHALLLALILFFVTNISAQPLQLSGTNFSCPVDSPPSCETYV,TYFARSPNFLSLTNISDIFDMSPLSIAKASNIDDEDKKLVEGQVLLV,PVTCGCTKNRYFANF,TYTIKLGDNYFIVSTTSYQNLTNYVEFENFNPNLSPNLLPPEIKIVV,PLFCKCPSKNQLNKGIKYLI,TYVWQSNDNVTLVSSKFGASQVDMFTENNQNFTASTNVPILI,PVTKLPVIDQPSSSGRKNSTQKPAFIIAISLGSAVFIVVLTLSLVYVYCLKIKRLNR
VIC_63,MAIFFLLSSSHALLLALILFFVTNISAQPLQLSGTNFSCPVDSPPSCETYV,TYFARSPNFLSLTNISDIFDMSPLSIAKASNIDDEDKKLVEGQVLLV,PVTCGCTKNRYFANF,TYTIKLGDNYFIVSTTSYQNLTNYVEFENFNPNLSPNLLPPEIKIVV,PLFCKCPSKNQLNKGIKYLI,TYVWQSNDNVTLVSSKFGASQVDMFTENNQNFTASTNVPILI,PVTKLPVIDQPSSSGRKNSTQKPAFIIAISLGSAVFIVVLTLSLVYVYCLKIKRLNR
VIC_64,MAI-FLPSSSHALFLALMLFFVTNISAQPLQLSGTNFSCPADSPPSCETYV,TYFARSPNFLSLTNISDIFDMSPLSIAKASNIDDEDKKLVEGQVLLV,PVTCGCTKNRYFANF,TYTIKLGDNYFIVSTTSYQNLTNYVEFENFNPNLSPNLLPPEIKIVV,PLFCKCPSKNQLNKGIKYLI,TYVWQSNDNVTLVSSKFGASQVDMFTENNQNFTASTNVPILI,PVTKLPVIDQPSSSGRKNSTQKPAFIIGISLGSAVFIVVLTLSLVYVYCLKIKRLNR
VIC_65,MAIFFLLSSSHALLLALILFFVTNISAQPLQLSGANFSCPVDSPPSCETYV,TYFARSPNFLSLTNISDIFDMSPLSIAKASNIDDEDKKLVEGQVLLV,PVTCGCTKNRYFANF,TYTIKLGDNYFIVSTTSYQNLTNYVEFENFNPNLSPNLLPPEIKIVV,PLFCKCPSKNQLNKGIKYLI,TYVWQSNDNVTLVSSKFGASQVDMFTENNQNFTASTNVPILI,PVTKLPVIDQPSSSGRKNSTQKPAFIIGISLGSAVFIVVLTLSLVYVYCLKIKRLNR
VIC_66,MAIFFLLSSSHALLLALILFFVTNISAQPLQLSGTNFSCPVDSPPSCETYV,TYFARFPNFLSLTNISDIFDMSPLSIAKASNIDDEDKKLVEGQVLLV,PVTCGCTKNRYFANF,TYTIKLGDNYFIVSTTSYQNLTNYVEFENFNPNLSPNLLPPEIKIVV,PLFCKCPSKNQLNKGIKYLI,TYVWQSNDNVTLVSSKFGASQVDMFTENNQNFTASTNVPILI,PVTKLPVIDQPSSSGRKNSTQKPAFIIAISLGSAVFIVALTLSLVYVYCLKIKRLNR
VIC_67,MAIFFLLSSSHALLLALILFFVTNISAQPLQLSGTNFSCPVDSPPSCETYV,TYFARSPNFLSLTNISDIFDMSPLSIAKASNIDDEDKKLVEGQVLLV,PVTCGCTKNRYFANF,TYTIKLGDNYFIVSTTSYQNLTNYVEFENFNPNLSPNLLPPEIKIVV,PLFCKCPSKNQLNKGIKYLI,TYVWQSNDNVTLVSSKFGASRVDMFTENNQNFTASTNVPILI,PVTKLPVIDQPSSSGRKNSTQKPAFIIAISLGSAVFIVVLTLSLVYVYCLKIKRLNR
VIC_68,MAIFFLPSSSHALFLALM-FFVTNISAQPLQLSGTNFSCPVDSPPSCETYV,TYFARSPNFLSLTNISDIFDMSPLSIAKASNIEDEDKKLVEGQVLLV,PVTCGCTRNRYFANF,TYTIKLGDNYFIVSTTSYQNLTNYVEFENFNPNLSPNLLPPEIKIVV,PLFCKCPSKNQLNKGIKYLI,TYVWQSNDNVTLVSSKFGALQVDMFTENNQNFTASTNVPILI,PVTKLPVIDQLSSSGRKNSTQKPAFIIGISLGSAFIIVVLTLSLVYVYCLKMKRLNR
VIC_69,MAIFFLPSSSHALFLALILFFVTNISAQPLQLSGTNFSCPVDSPPSCETYV,TYFARSPNFLSLTNISDIFDISPLSIAKASNIEDEDKKLVEGQVLLV,PVTCGCTRNRYFANF,TYTIKLGDNYFIVSTTSYQNLTNYVEFENFNPNLSPNLLPPEIKIVV,PLFCKCPSKNQLNKGIKYLI,TYVWQSNDNVTLVSSKFGASQVDMFTENNQNFTASTNVPILI,PVTKLPVIDQPSSSGRKNSTQKPAFIIGISLGSAVFIVVLTLSLVYVYCLKIKRLNR
VIC_70,MAIFFLLSSSHALLLALILFFVTNISAQPLQLSGTNFSCPVDSPPSCETYV,TYFARSPNFLSLTNISDIFDMSPLSIAKASNIDDEDKKLVEGQVLLV,PVTCGCTKNRYFANF,TYTIKLGDNYFIVSTTSYQNLTNYVEFENFNPNLSPNLLPPEIKIVV,PLFCKCPSKNQLNKGIKYLI,TYVWQSNDNVTLVSSKFGASQVDMFTENNQNFTASTNVPILI,PVTKLPVIDQPSSSGRKNSTQKPAFIIAISLGSAVFIVVLTLPLVYVYCLKIKRLNR
VIC_71,MAIFFLLSSSHALLLALILFFVTNISAQPLQLSGTNFSCPVDSPPSCETYV,TYFARSPNFLSLTNISDIFDMSPLSIAKASNIDDEDKKLVEGQVLLV,PVTCGCTKNRYFANF,TYTIKLGDNYFIVSTTSYQNLTNYVEFENFNPNLSPNLLPPEIKIVV,PLFCKCPSKNQLNKGIKYLI,TYVWQSNDNVTLVSSKFGASQVDMFTENNQNFTASTNVPILI,PVTKLPVIDQPSSSGRKNSTQKPAFIIAISLGSAVFIVVLTLSLVYVYCLKIKRLNR
VIC_72,MAI-FLPSSSHALFLALMLFFVTNISAQPLQLSGTNFSCPADSPPSCETYV,TYFARSPNFLSLTNISDIFDMSPLSIAKASNIDDEDKKLVEGQVLLV,PVTCGCTKNRYFANF,TYTIKLGDNYFIVSTTSYQNLTNYVEFENFNPNLSPNLLPPEIKIVV,PLFCKCPSKNQLNKGIKYLI,TYVWQSNDNVTLVSSKFGASQVDMFTENNQNFTASTNVPILI,PVTKLPVIDQPSSSGRKNSTQKPAFIIGISLGSAVFIVVLTLSLVYVYCLKIKRLNR
VIC_73,MAI-FLPSSSHALFLALMLFFVTNISAQPLQLSGTNFSCPADSPPSCETYV,TYFARSPNFLSLTNISDIFDMSPLSIAKASNIDDEDKKLVEGQVLLV,PVTCGCTKNRYFANF,TYTIKLGDNYFIVSTTSYQNLTNYVEFENFNPNLSPNLLPPEIKIVV,PLFCKCPSKNQLNKGIKYLI,TYVWQSNDNVTLVSSKFGAPQVDMFTENNQNFTASTNVPILI,PVTKLPVIDQPSSSGRKNSTQKPAFIIAISLGSAVFIVVLTLSLVYVYCLKIKRLNR
VIC_74,MAIFFLPSSSHALFLALILFFVTNISAQPLQLSGTNFSCPVDSPPSCETYV,TYFARSPNFLSLTNISDIFDISPLSIAKASNIEDEDKKLVEGQVLLV,PVTCGCTRNRYFANF,TYTIKLGDNYFIVSTTSYQNLTNYVEFENFNPNLSPNLLPPEIKIVV,PLFCKCPSKNQLNKGIKYLI,TYVWQSNDNVTLVSSKFGASQVDMFTENSQNFTASTNVPILI,PVTKLPVIDQPSSSGRKKSTQKPAFIIGISLGSAFIIVVLTLSLIYVYCLRMKRLNR
VIC_75,MAIFFLLSSSHALLLALILFFVTNISAQPLQLSGTNFSCPVDSPPSCETYV,TYFARSPNFLSLTNISDIFDMSPLSIAKASNIDDEDKKLVEGQVLLV,PVTCGCTKNRYFANF,TYTIKLGDNYFIVSTTSYQNLTNYVEFENFNPNLSPNLLPPEIKIVV,PLFCKCPSKNQLNKGIKYLI,TYVWQSNDNVTLVSSKFGASQVDMFTENNQNFTASTNVPILI,PVTKLPVIDQPSSSGRKNSTQKPAFIIAISLGSAVFIVVLTLSLVYVYCLKIKRLNR
VIC_76,MAIFFLPSSSHALFLALM-FFVTNISAQPLQLSGTNFSCPVDSPPSCETYV,TYFARSPNFLSLTNISDIFDMSPLSIAKASNIEDEDKKLVEGQVLLV,PVTCGCTRNRYFANF,TYTIKLGDNYFIVSTTSYQNLTNYVEFENFNPNLSPNLLPPEIKIVV,PLFCKCPSKNQLNKGIKYLI,TYVWQSNDNVTLVSSKFGASQVDMFTENNQNFTASTNVPILI,PVTKLPVIDQPSSSGRKNSTQKPAFIIGISLGSAVFIVVLTLSLVYVYCLKIKRLNR
VIC_77,MAI-FLPSSSHALFLALMLFFVTNISAQPLQLSGTNFSCPADSPPSCETYV,TYFARSPNFLSLTNISDIFDMSPLSIAKASNIDDEDKKLVEGQVLLV,PVTCGCTKNRYFANF,TYTIKLGDNYFIVSTTSYQNLTNYVEFENFNPNLSPNLLPPEIKIVV,PLFCKCPSKNQLNKGIKYLI,TYVWQSNDNVTLVSSKFGASQVDMFTENNQNFTASTNVPILI,PVTKLPVIDQPSSSGRKNSTQKPAFIIGISLGSAVFIVVLTLSLVYVYCLKIKRLNR
VIC_78,MAIFFLLSSSHALLLALILFFVTNISAQPLQLSGTNFSCPVDSPPSCETYV,TYFARSPNFLSLTNISDIFDMSPLSIAKASNIDDEDKKLVEGQVLLV,PVTCGCTKNRYFANF,TYTIKLGDNYFIVSTTSYQNLTNYVEFENFNPNLSPNLLPPEIKIVV,PLFCKCPSKNQLNKGIKYLI,TYVWQSNDNVTLVSSKFGASQVDMFTENNQNFTASTNVPILI,PVTKLPVIDQPSSSGRKNSTQKPAFIIGISLGSAVFIVVLTLSLVYVYCLKIKRLNR
VIC_79,MAIFFLLSSSHALLLALILFFVTNISAQPLQLSGTNFSCPVDSPPSCETYV,TYFARSPNFLSLTNISDIFDMSPLSIAKASNIDDEDKKLVEGQVLLV,PVTCGCTKNRYFANF,TYTIKLGDNYFIVSTTSYQNLTNYVEFENFNPNLSPNLLPPEIKIVV,PLFCKCPSKNQLNKGIKYLI,TYVWQSNDNVTLVSSKFGASQVGMFTENNQNFTASTNVPILI,PVTKLPVIDQPSSSGRKNSTQKPAFIIGISLGSAVFIVVLTLSLVYVYCLKIKRLNR
VIC_80,MAI-FLPSSSHALFLALMLFFVTNISAQPLQLSGTNFSCPADSPPSCETYV,TYFARSPNFLSLTNISDIFDMSPLSIAKASNIDDEDKKLVEGQVLLV,PVTCGCTKNRYFANF,TYTIKLGDNYFIVSTTSYQNLTNYVEFENFNPNLSPNLLPPEIKIVV,PLFCKCPSKNQLNKGIKYLI,TYVWQSNDNVTLVSSKFGASQVDMFTENNQNFTASTNVPILI,PVTKLPVIDQPSSSGRKNSTQKPAFIIGISLGSAVFIVVLTLSLVYVYCLKIKRLNR
VIC_81,MAIFFLLSSSHALLLALILFFVTNISAQPLQLSGTNFSCPVDSPPSCETYV,TYFARSPNFLSLTNISDIFDMSPLSIAKASNIDDEDKKLVEGQVLLV,PVTCGCTKNRYFANF,TYTIKLGDNYFIVSTTSYQNLTNYVEFENFNPNLSPNLLPPEIKIVV,PLFCKCPSKNQLNKGIKYLI,TYVWQSNDNVTLVSSKFGASQVDMFTENNQNFTASTNVPILI,PVTKLPVIDQPSSSGRKNSTQKPAFIIAISLGSAVFIVVLTLSLVYVYCLKIKRLNR
VIC_82,MAIFFLLSSSHALLLALILFFVTNISAQPLQLSGTNFSCPVDSPPSCETYV,TYFARSPNFLSLTNISDIFDMSPLSIAKASNIDDEDKKLVEGQVLLV,PVTCGCTKNRYFANF,TYTIKLGDNYFIVSTTSYQNLTNYVEFENFNPNLSPNLLPPEIKIVV,PLFCKCPSKNQLNKGIKYLI,TYVWQSNDNVTLVSSKFGASQVDMFTENNQNFTASTNVPILI,PVTKLPVIDQPSSSGRKNSTQKPAFIIAISLGSAVFIVVLTLSLVYVYCLKIKRLNR
VIC_83,MAI-FLPSSSHALFLALMLFFVTNISAQPLQLSGTNFSCPVDSPPSCETYV,TYFARSPNFLSLTNISDIFDMSPLSIAKASNIDDEDKKLVEGQVLLV,PVTCGCTKNRYFANF,TYTIKLGDNYFIVSTTSYQNLTNYVEFENFNPNLSPNLLPPEIKIVV,PLFCKCPSKNQLNKGIKYLI,TYVWQSNDNVTLVSSKFGASQVDMFTENNQNFTASTNVPILI,PVTKLPVIDQPSSSGRKNSTQKPAFIIAISLGSAVFIVVLTLSLVYVYCLKIKRLNR
VIC_84,MAI-FLPSSSHALFLALMLFFVTNISAQPLQLSGTNFSCPADSPPSCETYV,TYFARSPNFLSLTNISDIFDMSPLSIAKASNIDDEDKKLVEGQVLLV,PVTCGCTKNRYFANF,TYTIKLGDNYFIVSTTSYQNLTNYVEFENFNPNLSPNLLPPEIKIVV,PLFCKCPSKNQLNKGIKYLI,TYVWQSNDNVTLVSSKFGASQVDMFTENNQNFTASTNVPILI,PVTKLPVIDQPSSSGRKNSTQKPAFIIAISLGSAVFIVVLTLSLVYVYCLKIKRLNR
VIC_85,MAIFFLLSSSHALLLALILFFVTNISAQPLQLSGTNFSCPVDSPPSCETYV,TYFARSPNFLSLTNISDIFDMSPLSIAKASNIDDEDKKLVEGQVLLV,PVTCGCTKNRYFANF,TYTIKLGDNYFIVSTTSYQNLTNYVEFENFNPNLSPNLLPPEIKIVV,PLFCKCPSKNQLNKGIKYLI,TYVWQSNDNVTLVSSKFGASQVDMFTENNQNFTASTNVPILI,PVTKLPVIDQPSSSGRKNSTQKPAFIIAISLGSAVFIVVLTLSLVYVYCLKIKRLNR
VIC_86,MAIFFLLSSSHALLLALILFFVTNISAQPLQLSGTNFSCPVDSPPSCETYV,TYFARSPNFLSLTNISDIFDMSPLSIAKASNIDDEDKKLVEGQVLLV,PVTCGCTKNRYFANF,TYTIKLGDNYFIVSTTSYQNLTNYVEFENFNPNLSPNLLPPEIKIVV,PLFCKCPSKNQLNKGIKYLI,TYVWQSNDNVTLVSSKFGASQVDMFTENNQNFTASTNVPILI,PVTKLPVIDQPSSSGRKNSTQKPAFIIGISLGSAVFIVVLTLSLVYVYCLKIKRLNR
VIC_87,MAIFFLLSSSHALLLALILFFVTNISAQPLQLSGTNFSCPVDSPPSCETYV,TYFARSPNFLSLTNISDIFDMSPLSIAKASNIDDEDKKLVEGQVLLV,PVTCGCTKNRYFANF,TYTIKLGDNYFIVSTTSYQNLTNYVEFENFNPNLSPNLLPPEIKIVV,PLFCKCPSKNQLNKGIKYLI,TYVWQSNDNVTLVSSKFGASQVDMFTENNQNFTASTNVPILI,PVTKLPVIDQPSSSGRKNSTQKPAFIIAISLGSAVFIVVLTLSLVYVYCLKIKRLNR
VIC_88,MAIFFLPSSSHALFLALM-FFVTNISAQPLQLSGTNFSCPVDSPPSCETYV,TYFARSPNFLSLTNISDIFDMSPLSIAKASNIEDEDKKLVEGQVLLV,PVTCGCTRNRYFANF,TYTIKLGDNYFIVSTTSYQNLTNYVEFENFNPNLSPNLLPPEIKIVV,PLFCKCPSKNQLNKGIKYLI,TYVWQSNDNVTLVSSKFGALQVDMFTENNQNFTASTNVPILI,PVTKLPVIDQLSSSGRKNSTQKPAFIIGISLGSAFIIVVLTLSLVYVYCLKMKRLNR
VIC_89,MAIFFLLSSSHALLLALILFFVTNISAQPLQLSGTNFSCPVDSPPSCETYV,TYFARSPNFLSLTNISDIFDMSPLSIAKASNIDDEDKKLVEGQVLLV,PVTCGCTKNRYFANF,TYTIKLGDNYFIVSTTSYQNLTNYVEFENFNPNLSPNLLPPEIKIVV,PLFCKCPSKNQLNKGIKYLI,TYVWQSNDNVTLVSSKFGASQVDMFTENNQNFTASTNVPILI,PVTKLPVIDQPSSSGRKNSTQKPAFIIAISLGSAVFIVVLTLSLVYVYCLKIKRLNR
VIC_90,MAI-FLPSSSHALFLALMLFFVTNISAQPLQLSGTNFSCPADSPPSCETYV,TYFARSPNFLSLTNISDIFDMSPLSIAKASNIDDEDKKLVEGQVLLV,PVTCGCTKNRYFANF,TYTIKLGDNYFIVSTTSYQNLTNYVEFENFNPNLSPNLLPPEIKIVV,PLFCKCPSKNQLNKGIKYLI,TYVWQSNDNVTLVSSKFGASQVDMFTENNQNFTASTNVPILI,PVTKLPVIDQPSSSGRKNSTQKPAFIIGISLGSAVFIVVLTLSLVYVYCLKIKRLNR
VIC_91,MAIFFLLSSSHALLLALILFFVTNISAQPLQLSGTNFSCPVDSPPSCETYV,TYFARSPNFLSLTNISDIFDMSPLSIAKASNIDDEDKKLVEGQVLLV,PVTCGCTKNRYFANF,TYTIKLGDNYFIVSTTSYQNLTNYVEFENFNPNLSPNLLPPEIKIVV,PLFCKCPSKNQLNKGIKYLI,TYVWQSNDNVTLVSSKFGASQVDMFTENNQNFTASTNVPILI,PVTKLPVIDQPSSSGRKNSTQKPAFIIAISLGSAVFIVVLTLSLVYVYCLKIKRLNR
VIC_92,MAI-FLPSSSHALFLALMLFFVTNISAQPLQLSGTNFSCPADSPPSCETYV,TYFARSPNFLSLTNISDIFDMSPLSIAKASNIDDEDKKLVEGQVLLV,PVTCGCTKNRYFANF,TYTIKLGDNYFIVSTTSYQNLTNYVEFENFNPNLSPNLLPPEIKIVV,PLFCKCPSKNQLNKGIKYLI,TYVWQSNDNVTLVSSKFGASQVDMFTENNQNFTASTNVPILI,PVTKLPVIDQPSSSGRKNSTQKPAFIIAISLGSAAFVVVLTLSLVYVYCLKIKRLNR
VIC_93,MAIFFLLSSSHALLLALILFFVTNISAQPLQLSGTNFSCPVDSPPSCETYV,TYFARSPNFLSLTNISDIFDMSPLSIAKASNIDDEDKKLVEGQVLLV,PVTCGCTKNRYFANF,TYTIKLGDNYFIVSTTSYQNLTNYVEFENFNPNLSPNLLPPEIKIVV,PLFCKCPSKNQLNKGIKYLI,TYVWQSNDNVTLVSSKFGASQVDMFTENNQNFTASTNVPILI,PVTKLPVIDQPSSSGRKNSTQKPAFIIAISLGSAVFIVVLTLSLVYVYCLKIKRLNR
VIC_94,MAIFFLLSSSHALLLALILFFVTNISAQPLQLSGTNFSCPVDSPPSCETYV,TYFARSPNFLSLTNISDIFDMSPLSIAKASNIDDEDKKLVEGQVLLV,PVTCGCTKNRYFANF,TYTIKLGDNYFIVSTTSYQNLTNYVEFENFNPNLSPNLLPPEIKIVV,PLFCKCPSKNQLNKGIKYLI,TYVWQSNDNVTLVSSKFGASQVDMFTENNQNFTASTNVPILI,PVTKLPVIDQPSSSGRKNSTQKPAFIIAISLGSAVFIVVLTLSLVYVYCLKIKRLNR
VIC_95,MAI-FLPSSSHALFLALMLFFVTNISAQPLQLSGTNFSCPADSPPSCETYV,TYFARSPNFLSLTNISDIFDMSPLSIAKASNIDDEDKKLVEGQVLLV,PVTCGCTKNRYFANF,TYTIKLGDNYFIVSTTSYQNLTNYVEFENFNPNLSPNLLPPEIKIVV,PLFCKCPSKNQLNKGIKYLI,TYVWQSNDNVTLVSSKFGASQVDMFTENNQNFTASTNIPILI,PVTKLPVIDQPSSSGRKNSTQKPAFIIGISLGSAVFIVVLTLSLVYVYCLKIKRLNR
VIC_96,MAIFFLLSSSHALFLALMLFFVTNISAQPLQLSGTNFSCPADSPPSCETYV,TYFARSPNFLSLTNISDIFDMSPLSIAKASNIDDEDKKLVEGQVLLV,PVTCGCTKNRYFANF,TYTIKLGDNYFIVSTTSYQNLTNYVEFENFNPNLSPNLLPPEIKIVV,PLFCKCPSKNQLNKGIKYLI,TYVWQSNDNVTLVSSKFGASQVDMFTENNQNFTASTNVPILI,PVTKLPVIDQPSSSGRKNSTQKPAFIIGISLGSAVFIVVLTLSLVYVYCLKIKRLNR
VIC_97,MAI-FLPSSSHALFLALMLFFVTNISAQPLQLSGTNFSCPADSPPSCETYV,TYFARSPNFLSLTNISDIFDMSPLSIAKASNIDDEDKKLVEGQVLLV,PVTCGCTKNRYFANF,TYTIKLGDNYFIVSTTSYQNLTNYVEFENFNPNLSPNLLPPEIKIVV,PLFCKCPSKNQLNKGIKYLI,TYVWQSNDNVTLVSSKFGASQVDMFTENNQNFTASTNVPILI,PVTKLPVIDQPSSSGRKNSTQKPAFIIGISLGSAFIIVVLTLSLVYVYCLKMKRLNR
VIC_98,MAIFFLLSSSHALLLALILFFVTNISAQPLQLSGTNFSCPVDSPPSCETYV,TYFARSPNFLSLTNISDIFDMSPLSIAKASNIDDEDKKLVEGQVLLV,PVTCGCTKNRYFANF,TYTIKLGDNYFIVSTTSYQNLTNYVEFENFNPNLSPNLLPPEIKIVV,PLFCKCPSKNQLNKGIKYLI,TYVWQSNDNVTLVSSKFGASQVDMFTENNQNFTASTNVPILI,PVTKLPVIDQPSSSGRKNSTQKPAFIIAISLGSAVFIVVLTLSLVYVYCLKIKRLNR
VIC_99,MAIFFLLSSSHALLLALILFFVTNISAQPLQLSGTNFSCPVDSPPSCETYV,TYFARSPNFLSLTNISDIFDMSPLSIAKASNIDDEDKKLVEGQVLLV,PVTCGCTKNRYFANF,TYTIKLGDNYFIVSTTSYQNLTNYVEFENFNPNLSPNLLPPEIKIVV,PLFCKCPSKNQLNKGIKYLI,TYVWQSNDNVTLVSSKFGASQVDMFTENNQNFTASTNVPILI,PVTKLPVIDQPSSSGRKNSTQKPAFIIAISLGSAVFIVVLTLSLVYVYCLKIKRLNR
VIC_100,MAIFFLLSSSHALLLALILFFVTNISAQPLQLSGTNFSCPVDSPPSCETYV,TYFARSPNFLSLTNISDIFDMSPLSIAKASNIDDEDKKLVEGQVLLV,PVTCGCTKNRYFANF,TYTIKLGDNYFIVSTTSYQNLTNYVEFENFNPNLSPNLLPPEIKIVV,PLFCKCPSKNQLNKGIKYLI,TYVWQSNDNVTLVSSKFGASQVDMFTENNQNFTASTNVPILI,PVTKLPVIDQPSSSGRKNSTQKPAFIIAISLGSAVFIVVLTLSLVYVYCLKIKRLNR

